{
  "version": "1.0",
  "products": {
    "Education":{
      "benefits":{
        "Death": {"5": 0.018108000, "6": 0.014419670, "7": 0.011753840, "8": 0.009752120, "9": 0.008207130, "10": 0.006990230, "11": 0.005371520, "12": 0.004560000, "13": 0.003980000, "14": 0.003490000, "15": 0.003070000, "16": 0.002720000, "17": 0.002410000, "18": 0.002160000, "19": 0.001930000, "20": 0.001740000},
        "PTD": {"5": 0.000046820, "6": 0.000046490, "7": 0.000045560, "8": 0.000044470, "9": 0.000044540, "10": 0.000043940, "11": 0.000062640, "12": 0.000044750, "13": 0.000041860, "14": 0.000042380, "15": 0.000042860, "16": 0.000042030, "17": 0.000041410, "18": 0.000041500, "19": 0.000041520, "20": 0.000041380},
        "CriticalIllness": {"5": 0.000029220, "6": 0.000030070, "7": 0.000030390, "8": 0.000030470, "9": 0.000031290, "10": 0.000031550, "11": 0.000045260, "12": 0.000032990, "13": 0.000032000, "14": 0.000032620, "15": 0.000031700, "16": 0.000036050, "17": 0.000030950, "18": 0.000033770, "19": 0.000034110, "20": 0.000034310},
        "Retrenchment": {"5": 0.000094110, "6": 0.000074920, "7": 0.000060090, "8": 0.000048740, "9": 0.000041130, "10": 0.000034540, "11": 0.000032410, "12": 0.000022340, "13": 0.000018810, "14": 0.000016170, "15": 0.000013940, "16": 0.000012360, "17": 0.000011460, "18": 0.000009900, "19": 0.000008870, "20": 0.000007970},
        "DoubleAccident": {"5": 0.000191780, "6": 0.000185700, "7": 0.000178470, "8": 0.000170600, "9": 0.000168390, "10": 0.000163820, "11": 0.000163820, "12": 0.000159900, "13": 0.000154600, "14": 0.000150960, "15": 0.000144920, "16": 0.000149500, "17": 0.000145650, "18": 0.000144960, "19": 0.000144860, "20": 0.000144030},
        "WOPDisability": {"5": 0.000100000, "6": 0.000110000, "7": 0.000110000, "8": 0.000110000, "9": 0.000110000, "10": 0.000110000, "11": 0.000100000, "12": 0.000110000, "13": 0.000100000, "14": 0.000100000, "15": 0.000110000, "16": 0.000110000, "17": 0.000110000, "18": 0.000110000, "19": 0.000110000, "20": 0.000120000}
      }
     },

    "Term": {
      "benefits": {
        "Death": {"5": 0.012, "6": 0.011, "7": 0.010, "8": 0.009, "9": 0.008, "10": 0.007, "11": 0.006, "12": 0.005, "13": 0.005, "14": 0.0045, "15": 0.004, "16": 0.0038, "17": 0.0036, "18": 0.0034, "19": 0.0032, "20": 0.0030},
        "PTD": {"5": 0.00005, "6": 0.000045, "7": 0.00004, "8": 0.000038, "9": 0.000036, "10": 0.000035, "11": 0.000034, "12": 0.000033, "13": 0.000032, "14": 0.000031, "15": 0.000030, "16": 0.000029, "17": 0.000028, "18": 0.000027, "19": 0.000026, "20": 0.000025},
        "CriticalIllness": {"5": 0.00003, "6": 0.00003, "7": 0.00003, "8": 0.00003, "9": 0.000031, "10": 0.000031, "11": 0.000032, "12": 0.000032, "13": 0.000033, "14": 0.000033, "15": 0.000034, "16": 0.000034, "17": 0.000035, "18": 0.000035, "19": 0.000036, "20": 0.000036},
        "Retrenchment": {"5": 0.00009, "6": 0.00008, "7": 0.00007, "8": 0.00006, "9": 0.00005, "10": 0.000045, "11": 0.00004, "12": 0.000035, "13": 0.00003, "14": 0.000028, "15": 0.000026, "16": 0.000024, "17": 0.000022, "18": 0.00002, "19": 0.000018, "20": 0.000016},
        "DoubleAccident": {"5": 0.00019, "6": 0.00018, "7": 0.00017, "8": 0.000165, "9": 0.00016, "10": 0.000158, "11": 0.000156, "12": 0.000154, "13": 0.000152, "14": 0.000150, "15": 0.000148, "16": 0.000146, "17": 0.000144, "18": 0.000142, "19": 0.000140, "20": 0.000138}
      }
    },

    "Wholelife": {
      "benefits": {
        "Death": {"5": 0.020, "6": 0.019, "7": 0.018, "8": 0.017, "9": 0.016, "10": 0.015, "11": 0.014, "12": 0.013, "13": 0.012, "14": 0.011, "15": 0.010, "16": 0.0095, "17": 0.009, "18": 0.0085, "19": 0.008, "20": 0.0075}
      }
    },

    "Endowment": {
      "benefits": {
        "Death": {"5": 0.015, "6": 0.0145, "7": 0.014, "8": 0.0135, "9": 0.013, "10": 0.0125, "11": 0.012, "12": 0.0115, "13": 0.011, "14": 0.0105, "15": 0.010, "16": 0.0095, "17": 0.009, "18": 0.0085, "19": 0.008, "20": 0.0075}
      }
    },

    "Withprofit": {
      "benefits":{
        "Death": {"5": 0.018108000, "6": 0.014419670, "7": 0.011753840, "8": 0.009752120, "9": 0.008207130, "10": 0.006990230, "11": 0.005371520, "12": 0.004560000, "13": 0.003980000, "14": 0.003490000, "15": 0.003070000, "16": 0.002720000, "17": 0.002410000, "18": 0.002160000, "19": 0.001930000, "20": 0.001740000},
        "PTD": {"5": 0.000046820, "6": 0.000046490, "7": 0.000045560, "8": 0.000044470, "9": 0.000044540, "10": 0.000043940, "11": 0.000062640, "12": 0.000044750, "13": 0.000041860, "14": 0.000042380, "15": 0.000042860, "16": 0.000042030, "17": 0.000041410, "18": 0.000041500, "19": 0.000041520, "20": 0.000041380},
        "GuaranteedReturn": {"5": 0.09, "6": 0.09, "7": 0.09, "8": 0.09, "9": 0.09, "10": 0.09, "11": 0.09, "12": 0.09, "13": 0.09, "14": 0.09, "15": 0.09, "16": 0.09, "17": 0.09, "18": 0.09, "19": 0.09, "20": 0.09}
      }
    },

    "Pension": {
      "benefits": {
        "Death": {"5": 0.005, "6": 0.005, "7": 0.005, "8": 0.005, "9": 0.005, "10": 0.005, "11": 0.005, "12": 0.005, "13": 0.005, "14": 0.005, "15": 0.005, "16": 0.005, "17": 0.005, "18": 0.005, "19": 0.005, "20": 0.005}
      }
    },

    "ProductB": {
      "benefits": {
        "Death": {
          "5": 0.10,
          "...": "...",
          "20": 0.22
        }
      }
    }
  }
}
